﻿<parameters>
  <parameter name="IIS Web Application Name" defaultValue="AcomSite" tags="IisApp">
    <parameterEntry kind="ProviderPath" scope="IisApp" match="^\\\\vmware-host\\Shared\ Folders\\Documenti\\Visual\ Studio\ 2013\\Projects\\Acom1\\Acom1\\obj\\Release\\Package\\PackageTmp$" />
    <parameterEntry kind="ProviderPath" scope="setAcl" match="^\\\\vmware-host\\Shared\ Folders\\Documenti\\Visual\ Studio\ 2013\\Projects\\Acom1\\Acom1\\obj\\Release\\Package\\PackageTmp$" />
  </parameter>
  <parameter name="Acom1.ApplicationDbContext-Web.config Connection String" defaultValue="Acom1.ApplicationDbContext_ConnectionString">
    <parameterEntry kind="XmlFile" scope="\\\\vmware-host\\Shared\ Folders\\Documenti\\Visual\ Studio\ 2013\\Projects\\Acom1\\Acom1\\obj\\Release\\Package\\PackageTmp\\Web\.config$" match="/configuration/connectionStrings/add[@name='Acom1.ApplicationDbContext']/@connectionString" />
  </parameter>
  <parameter name="AcomdbConnectionString-Web.config Connection String" defaultValue="Data Source=GAMBIT;Database=acomDb;Integrated Security=true">
    <parameterEntry kind="XmlFile" scope="\\\\vmware-host\\Shared\ Folders\\Documenti\\Visual\ Studio\ 2013\\Projects\\Acom1\\Acom1\\obj\\Release\\Package\\PackageTmp\\Web\.config$" match="/configuration/connectionStrings/add[@name='AcomdbConnectionString']/@connectionString" />
  </parameter>
</parameters>